study,Z,dv,wave,estimate,std.error,conf.low,conf.high
Elite Study,control,amtrak,w1,-0.03657261643964315,0.06031349146546235,-0.15529991296245835,0.08215468008317203
Elite Study,control,amtrak,w2,-0.03425476855588936,0.05846008116168291,-0.14933362110093762,0.08082408398915891
Elite Study,control,flat,w1,-0.033269027950347835,0.061540489836165606,-0.1544116746021622,0.08787361870146655
Elite Study,control,flat,w2,0.042691287806164734,0.06269949645321661,-0.08073286699500487,0.16611544260733435
Elite Study,control,vets,w1,-0.04363941222086763,0.055781867666265306,-0.1534461931266221,0.06616736868488686
Elite Study,control,vets,w2,0.003785019559624216,0.057607913124521806,-0.10961633753992776,0.11718637665917621
Elite Study,control,wall,w1,-0.10650548714684305,0.053352971080069235,-0.21153097752860775,-0.0014799967650783452
Elite Study,control,wall,w2,-0.04246674092634587,0.05514416910052026,-0.15101821021163578,0.06608472835894405
Elite Study,amtrak,amtrak,w1,0.36411209420014506,0.0703261604990259,0.22563074154039015,0.5025934468599
Elite Study,amtrak,amtrak,w2,0.1701725625204077,0.06740724366976847,0.03743893656645653,0.30290618847435885
Elite Study,amtrak,flat,w1,-0.02547971082889915,0.06445424597292543,-0.1523985004181432,0.1014390787603449
Elite Study,amtrak,flat,w2,-0.0011373158308732628,0.06639606571039755,-0.13187980092629062,0.1296051692645441
Elite Study,amtrak,vets,w1,0.025048015058154564,0.05827099233665535,-0.08969514427752417,0.13979117439383332
Elite Study,amtrak,vets,w2,0.02187378815258928,0.05920041512494056,-0.09469952548130854,0.13844710178648711
Elite Study,amtrak,wall,w1,-0.14720370198937435,0.057862284536174625,-0.26114206253251915,-0.03326534144622954
Elite Study,amtrak,wall,w2,-0.05965167082086198,0.05488391963413958,-0.16772524367445468,0.04842190203273074
Elite Study,paul,amtrak,w1,-0.08805067401670243,0.06142361478033497,-0.2089890003871689,0.03288765235376402
Elite Study,paul,amtrak,w2,-0.01916956349988856,0.06417604281465868,-0.14552720687272774,0.1071880798729506
Elite Study,paul,flat,w1,0.09503593489535443,0.06743015413508571,-0.03772880090151497,0.22780067069222382
Elite Study,paul,flat,w2,0.1126057822579251,0.06466737261773378,-0.014719251332704672,0.23993081584855486
Elite Study,paul,vets,w1,-0.058540682004879656,0.058591260926584815,-0.17390232364282934,0.05682095963307004
Elite Study,paul,vets,w2,-0.014207695715157528,0.05882444966754361,-0.13002846787091943,0.10161307644060438
Elite Study,paul,wall,w1,-0.21134186709165276,0.05511360875012786,-0.3198562817237772,-0.10282745245952828
Elite Study,paul,wall,w2,-0.0912545391811997,0.054531521909745695,-0.19862287003870677,0.016113791676307374
Elite Study,veterans,amtrak,w1,-0.01764324758011561,0.06308922135522278,-0.14183457706937816,0.10654808190914694
Elite Study,veterans,amtrak,w2,0.0591385483401592,0.06448937506318793,-0.06780898810088112,0.1860860847811995
Elite Study,veterans,flat,w1,0.030869460273205064,0.06359646745706524,-0.09432038475346388,0.156059305299874
Elite Study,veterans,flat,w2,0.0457915987384602,0.06376874437996274,-0.07973737394956462,0.17132057142648502
Elite Study,veterans,vets,w1,0.12532898504676798,0.0573385723789152,0.01245782604704948,0.23820014404648648
Elite Study,veterans,vets,w2,0.061426572953696246,0.058583572318985644,-0.05389537232060354,0.17674851822799603
Elite Study,veterans,wall,w1,0.02988984423178609,0.05618253860431803,-0.08070565866824228,0.14048534713181446
Elite Study,veterans,wall,w2,0.0017310061141655373,0.059916109694030946,-0.11621404314915358,0.11967605537748464
Elite Study,wallstreet,amtrak,w1,-0.05495412839267231,0.06344529436529975,-0.1798666180926007,0.06995836130725608
Elite Study,wallstreet,amtrak,w2,-0.03220633314431839,0.06452834846475458,-0.1592511635543974,0.0948384972657606
Elite Study,wallstreet,flat,w1,-0.018358619434029083,0.05969663046654382,-0.1358906572765547,0.09917341840849651
Elite Study,wallstreet,flat,w2,-1.2424885680711395e-4,0.062151827682007686,-0.12249013292789808,0.12224163521428384
Elite Study,wallstreet,vets,w1,-0.08089778244665732,0.05641981376147321,-0.19197835155512732,0.030182786661812677
Elite Study,wallstreet,vets,w2,-0.1040796415545081,0.05576130621880347,-0.2138637265428564,0.005704443433840176
Elite Study,wallstreet,wall,w1,0.44158580615634113,0.05010872566184814,0.3429306459789222,0.5402409663337601
Elite Study,wallstreet,wall,w2,0.23970314048600377,0.05448716937204264,0.13242760411957438,0.34697867685243317
MTurk Study,control,amtrak,w1,-0.1064237994380842,0.04864453681383726,-0.2020606179502696,-0.010786980925898776
MTurk Study,control,amtrak,w2,-0.016047729862353872,0.049461672239725855,-0.11329106449215923,0.08119560476745147
MTurk Study,control,amtrak,w3,-0.0208028498648018,0.05002509386630175,-0.11915389062927326,0.07754819089966966
MTurk Study,control,climate,w1,-0.03788793059420414,0.05035091243894058,-0.13687954178529121,0.061103680596882946
MTurk Study,control,climate,w2,7.730095851243362e-4,0.049908405081995434,-0.09734861704945584,0.09889463621970453
MTurk Study,control,climate,w3,-0.0059289258580294164,0.04941964262845093,-0.10308962883854964,0.09123177712249081
MTurk Study,control,flat,w1,-0.08018800752055869,0.049536694909768836,-0.17757883927849288,0.017202824237375527
MTurk Study,control,flat,w2,-0.08537684456929277,0.049451774875349575,-0.1826007206431615,0.011847031504575944
MTurk Study,control,flat,w3,-0.050593795434662435,0.04997366496136601,-0.14884372521792663,0.047656134348601754
MTurk Study,control,vets,w1,-0.1573495985834943,0.04999583860767451,-0.2556431225116853,-0.0590560746553033
MTurk Study,control,vets,w2,-0.1247951823519098,0.04774762432476371,-0.21866864031926958,-0.03092172438455003
MTurk Study,control,vets,w3,-0.1483483977004592,0.05186219012528061,-0.2503112323685659,-0.046385563032352556
MTurk Study,control,wall,w1,-0.0653624416588293,0.0491358808379789,-0.16196525928091918,0.03124037596326057
MTurk Study,control,wall,w2,-0.008623840507591825,0.05155022185118716,-0.10997333490842005,0.0927256538932364
MTurk Study,control,wall,w3,-0.02677063286989492,0.04836403530355912,-0.12185597584571069,0.06831471010592084
MTurk Study,amtrak,amtrak,w1,0.41178675881799004,0.056787439942698616,0.3001201529240146,0.5234533647119655
MTurk Study,amtrak,amtrak,w2,0.24708771897866433,0.051429807206154046,0.1459563417183457,0.34821909623898295
MTurk Study,amtrak,amtrak,w3,0.18877133679634137,0.05337190407804335,0.08382102763453157,0.29372164595815115
MTurk Study,amtrak,climate,w1,-0.03730392586535471,0.05383939507455386,-0.14317350754444996,0.06856565581374055
MTurk Study,amtrak,climate,w2,-0.016011832314503593,0.0530405329418941,-0.12031053453466652,0.08828686990565933
MTurk Study,amtrak,climate,w3,0.013365626761736858,0.053478475481763564,-0.09179424400296965,0.11852549752644337
MTurk Study,amtrak,flat,w1,-0.09749991876935062,0.050731908711998716,-0.19725895108544428,0.002259113546743033
MTurk Study,amtrak,flat,w2,-0.043259946058533914,0.05108737626493914,-0.1437179684185941,0.05719807630152627
MTurk Study,amtrak,flat,w3,-0.01983596746510822,0.05217299578787643,-0.12242874792556824,0.08275681299535179
MTurk Study,amtrak,vets,w1,-0.0684191937097843,0.049150842872820934,-0.16506922417381273,0.02823083675424412
MTurk Study,amtrak,vets,w2,-0.03579363955090387,0.05191677591248765,-0.13788259022301436,0.0662953111212066
MTurk Study,amtrak,vets,w3,-0.053110851459377904,0.05064494045977139,-0.15269886973510355,0.04647716681634773
MTurk Study,amtrak,wall,w1,-0.1310641192219487,0.04858009287370153,-0.22659182905874048,-0.03553640938515691
MTurk Study,amtrak,wall,w2,-0.08847453166570372,0.04852939771708078,-0.18390255473935183,0.006953491407944379
MTurk Study,amtrak,wall,w3,-0.08605657795612717,0.04837295465497321,-0.1811769719875286,0.009063816075274261
MTurk Study,climate,amtrak,w1,-0.07007977356920307,0.05101828908851064,-0.1704082921082454,0.03024874496983926
MTurk Study,climate,amtrak,w2,0.007274327063554305,0.054623917969562535,-0.10014473509230618,0.11469338921941477
MTurk Study,climate,amtrak,w3,-0.0018161747458687988,0.053878490182810324,-0.10776933777302782,0.10413698828129021
MTurk Study,climate,climate,w1,0.20723642495521297,0.05369611129505919,0.10164191377522047,0.31283093613520546
MTurk Study,climate,climate,w2,0.10875525251191162,0.05332576079025557,0.003889043243860371,0.21362146177996288
MTurk Study,climate,climate,w3,0.06593242899360628,0.051144913165006425,-0.03464509840545793,0.1665099563926705
MTurk Study,climate,flat,w1,-0.01626953089747479,0.05092441244467411,-0.1164134390787453,0.08387437728379571
MTurk Study,climate,flat,w2,0.09644379125628486,0.05269343931443488,-0.007178944778090335,0.20006652729066005
MTurk Study,climate,flat,w3,0.04840152486960009,0.0555363692764408,-0.06081189161475012,0.1576149413539503
MTurk Study,climate,vets,w1,-0.11657282969221823,0.048570151435279284,-0.21208703500522838,-0.02105862437920808
MTurk Study,climate,vets,w2,0.02805961046436914,0.05103360109915008,-0.07229901945964426,0.12841824038838254
MTurk Study,climate,vets,w3,0.03484380091411811,0.052784538028643364,-0.06895808262207731,0.13864568445031353
MTurk Study,climate,wall,w1,-0.05475563764560472,0.04992605700254094,-0.15293625924329654,0.043424983952087104
MTurk Study,climate,wall,w2,-0.037291975095013835,0.05172533929734024,-0.13901092246363778,0.0644269722736101
MTurk Study,climate,wall,w3,-0.04712930714467534,0.052981519991068746,-0.15131855977579994,0.05705994548644925
MTurk Study,paul,amtrak,w1,-0.06100406139769002,0.04882820102514056,-0.15703112518677437,0.03502300239139433
MTurk Study,paul,amtrak,w2,-0.04537144007361482,0.04851985184705257,-0.1407920947472308,0.05004921460000117
MTurk Study,paul,amtrak,w3,-0.05951276727182908,0.04887770604765913,-0.15563718918297126,0.03661165463931311
MTurk Study,paul,climate,w1,-0.03066168187539243,0.05164190192784453,-0.13222225765948645,0.07089889390870158
MTurk Study,paul,climate,w2,-4.537873707891106e-4,0.05394942455951852,-0.10655240916711332,0.10564483442553511
MTurk Study,paul,climate,w3,-0.01101118295018623,0.053740942156580505,-0.1166997967473314,0.09467743084695894
MTurk Study,paul,flat,w1,0.36823555375213685,0.059319024543702505,0.2515769090719546,0.48489419843231907
MTurk Study,paul,flat,w2,0.16684733320081926,0.057152908370848014,0.05444864017845398,0.27924602622318456
MTurk Study,paul,flat,w3,0.13488019359284614,0.0576573211843568,0.021489506591552576,0.2482708805941397
MTurk Study,paul,vets,w1,-0.04274497943885992,0.05175211455382423,-0.1445223028123207,0.059032343934600856
MTurk Study,paul,vets,w2,-0.042812647666966526,0.05389666671615508,-0.14880751424225716,0.06318221890832412
MTurk Study,paul,vets,w3,0.010839072789306889,0.05216449237707796,-0.0917492456793531,0.11342739125796687
MTurk Study,paul,wall,w1,-0.162963651528811,0.052163356558507935,-0.2655497362612287,-0.060377566796393334
MTurk Study,paul,wall,w2,-0.08304898189613173,0.054189021022090354,-0.18961880157220537,0.023520837779941905
MTurk Study,paul,wall,w3,-0.05768826803579875,0.05208561354851751,-0.16012146093884794,0.04474492486725045
MTurk Study,veterans,amtrak,w1,-0.07873611669927268,0.05268633600352076,-0.18232172424979715,0.02484949085125178
MTurk Study,veterans,amtrak,w2,-0.02849795663087817,0.05441804705972362,-0.13548824849740337,0.07849233523564704
MTurk Study,veterans,amtrak,w3,-0.02645675871220879,0.05350135882939473,-0.1316447672074499,0.07873124978303231
MTurk Study,veterans,climate,w1,-0.06466908837259837,0.05312022280421192,-0.16910775254590152,0.03976957580070478
MTurk Study,veterans,climate,w2,-0.028675774136040402,0.052265916910675975,-0.13143480366915902,0.07408325539707822
MTurk Study,veterans,climate,w3,-0.056022332618231536,0.051509463340995716,-0.15729411311217126,0.04524944787570819
MTurk Study,veterans,flat,w1,-0.12658912954439733,0.053043139593136564,-0.2308762418760493,-0.022302017212745356
MTurk Study,veterans,flat,w2,-0.03600358438728034,0.05490441920893172,-0.1439501233264433,0.07194295455188263
MTurk Study,veterans,flat,w3,-0.0781074888807291,0.05411124603300786,-0.18449458505819838,0.028279607296740172
MTurk Study,veterans,vets,w1,0.4933697889531729,0.045772646813031156,0.40337705480277447,0.5833625231035713
MTurk Study,veterans,vets,w2,0.26209743855848816,0.049393619585067626,0.16498557840756012,0.3592092987094162
MTurk Study,veterans,vets,w3,0.29506339390818725,0.04865434511104983,0.1994050073017587,0.3907217805146158
MTurk Study,veterans,wall,w1,-0.17520866699456547,0.046955717905123616,-0.26752741481654796,-0.082889919172583
MTurk Study,veterans,wall,w2,-0.09578301445078866,0.04768229256739067,-0.1895302669578705,-0.0020357619437067903
MTurk Study,veterans,wall,w3,-0.06332431883329559,0.04980470526281615,-0.1612444067509458,0.03459576908435463
MTurk Study,wallstreet,amtrak,w1,-0.09142828876454318,0.04930579988128265,-0.18836517302125627,0.005508595492169935
MTurk Study,wallstreet,amtrak,w2,-0.05672641434896704,0.0481270827056162,-0.15134590043540214,0.03789307173746806
MTurk Study,wallstreet,amtrak,w3,-0.03817804730861621,0.04776342830396602,-0.13208257643811955,0.055726481820887144
MTurk Study,wallstreet,climate,w1,-0.050226078307330335,0.049479981904462116,-0.14750541036250128,0.04705325374784061
MTurk Study,wallstreet,climate,w2,-0.05621740556169412,0.049588728645880965,-0.15371053741955756,0.041275726296169324
MTurk Study,wallstreet,climate,w3,-0.019341688831253413,0.049471367853519146,-0.11660408536846804,0.07792070770596123
MTurk Study,wallstreet,flat,w1,-0.05303128935847933,0.05184697545264667,-0.15496421146125552,0.048901632744296854
MTurk Study,wallstreet,flat,w2,-0.0167021506094482,0.0536461404823224,-0.12217229252531599,0.08876799130641959
MTurk Study,wallstreet,flat,w3,-0.06945240258352425,0.05403226737281385,-0.17568168313586274,0.03677687796881424
MTurk Study,wallstreet,vets,w1,-0.2150000473588279,0.050651385870370165,-0.31458239956445766,-0.11541769515319816
MTurk Study,wallstreet,vets,w2,-0.13906026018965592,0.05156987270122344,-0.24044838883189387,-0.03767213154741797
MTurk Study,wallstreet,vets,w3,-0.12483386053150987,0.05069149014286742,-0.22449505910471962,-0.025172661958300105
MTurk Study,wallstreet,wall,w1,0.5562412496370668,0.0504282619437282,0.4570975666813807,0.6553849325927529
MTurk Study,wallstreet,wall,w2,0.2859702306079917,0.05029500042732007,0.18708854433876104,0.38485191687722237
MTurk Study,wallstreet,wall,w3,0.3220637977823948,0.05143399799735762,0.22094280344228295,0.42318479212250665
