dv,term,estimate,std.error,p.value,conf.low,conf.high,nobs,r_squared
Amtrak,(Intercept),-0.1253224092202198,0.03916088254467413,0.001381653263307855,-0.20209429489246683,-0.048550523547972804,5182,0.025869461052699716
Amtrak,Z_matchamtrak,0.5009644366396994,0.058958804959686875,2.517584361654108e-17,0.38538025314807944,0.6165486201313193,5182,0.025869461052699716
Amtrak,Z_matchflat,0.0801371924894819,0.05505595971111844,0.1455752882800604,-0.02779576432516627,0.18807014930413007,5182,0.025869461052699716
Amtrak,Z_matchvets,0.0440654548829572,0.05785137819525226,0.4462731856010014,-0.06934770396812832,0.1574786137340427,5182,0.025869461052699716
Amtrak,Z_matchwall,0.05468265281038155,0.0552731279966574,0.3225542816004916,-0.05367604565526274,0.16304135127602584,5182,0.025869461052699716
Amtrak,experimental_sampleelite,0.1371383862784292,0.06182543061389553,0.02658754253390943,0.015934404593063833,0.25834236796379456,5182,0.025869461052699716
Amtrak,Z_matchamtrak:experimental_sampleelite,-0.19771628208931682,0.0939236834058823,0.03533299410894255,-0.3818464092928308,-0.013586154885802837,5182,0.025869461052699716
Amtrak,Z_matchflat:experimental_sampleelite,-0.16430706528814978,0.08682404070264893,0.058491582109953054,-0.3345188913066829,0.005904760730383346,5182,0.025869461052699716
Amtrak,Z_matchvets:experimental_sampleelite,-0.08510077449366803,0.0896769089063081,0.3426797650719915,-0.260905428286689,0.09070387929935296,5182,0.025869461052699716
Amtrak,Z_matchwall:experimental_sampleelite,-0.07551350439221347,0.09010436128956459,0.40203172396583,-0.25215614556869703,0.1011291367842701,5182,0.025869461052699716
Flat Tax,(Intercept),-0.10125252371759075,0.039412457949978545,0.010225601663036075,-0.17851760354173019,-0.02398744389345131,5182,0.021037848810500526
Flat Tax,Z_matchamtrak,0.004638490950056131,0.05645152528132264,0.9345165525041409,-0.1060303643796885,0.11530734627980076,5182,0.021037848810500526
Flat Tax,Z_matchflat,0.4879926816482266,0.05986464827615286,4.466028351503429e-16,0.3706326622966931,0.6053527009997601,5182,0.021037848810500526
Flat Tax,Z_matchvets,-0.025689580376769015,0.05722355436698087,0.6534983140571076,-0.13787193910195394,0.0864927783484159,5182,0.021037848810500526
Flat Tax,Z_matchwall,0.0969384867042609,0.05660888910831072,0.08687828469050596,-0.014038868254435996,0.2079158416629578,5182,0.021037848810500526
Flat Tax,experimental_sampleelite,0.10287332649730108,0.06258348090551992,0.10028292184731043,-0.019816754237441198,0.22556340723204335,5182,0.021037848810500526
Flat Tax,Z_matchamtrak:experimental_sampleelite,-0.018467406824853264,0.09019668624487014,0.8377786693170045,-0.195291043945576,0.15835623029586948,5182,0.021037848810500526
Flat Tax,Z_matchflat:experimental_sampleelite,-0.3837431807377889,0.0919964637798134,3.078523806694145e-5,-0.5640951427115207,-0.2033912187640571,5182,0.021037848810500526
Flat Tax,Z_matchvets:experimental_sampleelite,-0.018711286974694725,0.09007186699814662,0.8354422663172713,-0.1952902256025216,0.15786765165313213,5182,0.021037848810500526
Flat Tax,Z_matchwall:experimental_sampleelite,-0.01964082772868434,0.08910091181360459,0.8255422417604247,-0.19431628370809287,0.1550346282507242,5182,0.021037848810500526
Veterans,(Intercept),-0.10338931686652467,0.03953112925713907,0.008938447286417198,-0.18088704262287747,-0.025891591110171863,5182,0.045094292159256866
Veterans,Z_matchamtrak,0.05108267722531844,0.05583949914326705,0.3603326675562474,-0.058386348130072846,0.16055170258070972,5182,0.045094292159256866
Veterans,Z_matchflat,0.047933810089174654,0.05616119899881672,0.3934193758858203,-0.06216588298681417,0.15803350316516349,5182,0.045094292159256866
Veterans,Z_matchvets,0.6455280080158173,0.05387120259920145,1.1793835178999381e-32,0.5399176760154009,0.7511383400162338,5182,0.045094292159256866
Veterans,Z_matchwall,-0.1134705490694594,0.05670859859703113,0.04545093507067871,-0.22464337677981733,-0.0022977213591014595,5182,0.045094292159256866
Veterans,experimental_sampleelite,0.059978754636203446,0.05911422569092663,0.3103322131005721,-0.05591011919522747,0.17586762846763437,5182,0.045094292159256866
Veterans,Z_matchamtrak:experimental_sampleelite,0.08002514470282225,0.08580165496057363,0.3510308144865735,-0.08818237303144276,0.24823266243708725,5182,0.045094292159256866
Veterans,Z_matchflat:experimental_sampleelite,-0.04841280545404248,0.0836430242929735,0.5627475364451628,-0.21238849448443317,0.11556288357634822,5182,0.045094292159256866
Veterans,Z_matchvets:experimental_sampleelite,-0.4929579449278446,0.08296322232512796,3.0018758834967863e-9,-0.6556009347041858,-0.33031495515150344,5182,0.045094292159256866
Veterans,Z_matchwall:experimental_sampleelite,0.08148273401876849,0.08577684115542136,0.3421878282668729,-0.08667613816696809,0.24964160620450507,5182,0.045094292159256866
Wall Street,(Intercept),-0.09579761267024045,0.03830919420093626,0.01242751267966674,-0.1708998291239953,-0.020695396216485612,5182,0.07562258882506767
Wall Street,Z_matchamtrak,-0.03393623220395408,0.05397276352990136,0.5295301071577514,-0.13974566656503787,0.07187320215712972,5182,0.07562258882506767
Wall Street,Z_matchflat,-0.023393977223613728,0.05571650461153759,0.6745940833087436,-0.13262188129892472,0.08583392685169727,5182,0.07562258882506767
Wall Street,Z_matchvets,-0.08988817252096014,0.05378674252620496,0.09474352893592516,-0.19533292707146702,0.01555658202954674,5182,0.07562258882506767
Wall Street,Z_matchwall,0.697642537658945,0.055661374268216296,1.595931113529314e-35,0.5885227123637715,0.8067623629541185,5182,0.07562258882506767
Wall Street,experimental_sampleelite,-0.027362561053729213,0.058297281735876894,0.6388302948679185,-0.14164987935723852,0.0869247572497801,5182,0.07562258882506767
Wall Street,Z_matchamtrak:experimental_sampleelite,0.04424248338416414,0.08264861725657892,0.5924597652143888,-0.11778374745353457,0.20626871422186285,5182,0.07562258882506767
Wall Street,Z_matchflat:experimental_sampleelite,-0.015611743619447213,0.08347144141357095,0.851643696572647,-0.17925105766682314,0.1480275704279287,5182,0.07562258882506767
Wall Street,Z_matchvets:experimental_sampleelite,0.15563660679044997,0.08302968263584394,0.060922064275620615,-0.007136673292045814,0.31840988687294575,5182,0.07562258882506767
Wall Street,Z_matchwall:experimental_sampleelite,-0.1270002274787043,0.08198117744952789,0.12140952801063686,-0.2877179941238105,0.03371753916640188,5182,0.07562258882506767
